{"_step":7,"acc":0.8461536657592773,"loss":0.09385488554084372,"_timestamp":1.7781342326530051e+09,"_wandb":{"runtime":0},"_runtime":0}